fid	field_1	X	X.1	X.2	UNIQUE_SIT	X.3	X.4	X.5	X.6	X.7	MaxDepth	X.8	X.9	CaMPClass1	CaMPClass2	lat	long	ECOZONE
1	1	NA	NA	NA	1970-1	NA	NA	NA	NA	NA	338	NA	NA	NA	NA	54.82	-102.02	Boreal Shield West
2	2	NA	NA	NA	1970-10	NA	NA	NA	NA	NA	223	NA	NA	NA	NA	54.73	-102.07	Boreal Shield West
3	3	NA	NA	NA	1970-11	NA	NA	NA	NA	NA	455	NA	NA	NA	NA	54.73	-101.83	Boreal Shield West
4	4	NA	NA	NA	1970-12	NA	NA	NA	NA	NA	339	NA	NA	NA	NA	54.6	-102	Boreal Shield West
5	5	NA	NA	NA	1970-13	NA	NA	NA	NA	NA	190	NA	NA	NA	NA	54.78	-102.47	Boreal Shield West
6	6	NA	NA	NA	1970-14	NA	NA	NA	NA	NA	178	NA	NA	NA	NA	54.85	-102.5	Boreal Shield West
7	7	NA	NA	NA	1970-15	NA	NA	NA	NA	NA	221	NA	NA	NA	NA	54.75	-101.73	Boreal Shield West
8	8	NA	NA	NA	1970-16	NA	NA	NA	NA	NA	157	NA	NA	NA	NA	54.32	-102.12	Boreal Plains
9	9	NA	NA	NA	1970-17	NA	NA	NA	NA	NA	292	NA	NA	NA	NA	54.32	-102.42	Boreal Plains
10	10	NA	NA	NA	1970-18	NA	NA	NA	NA	NA	290	NA	NA	NA	NA	54.15	-103.55	Boreal Plains
11	11	NA	NA	NA	1970-19	NA	NA	NA	NA	NA	475	NA	NA	NA	NA	54.63	-101.38	Boreal Shield West
12	12	NA	NA	NA	1970-2	NA	NA	NA	NA	NA	178	NA	NA	NA	NA	54.87	-102.08	Boreal Shield West
13	13	NA	NA	NA	1970-20	NA	NA	NA	NA	NA	206	NA	NA	NA	NA	54.7	-101.78	Boreal Shield West
14	14	NA	NA	NA	1970-21	NA	NA	NA	NA	NA	196	NA	NA	NA	NA	54.43	-101.38	Boreal Plains
15	15	NA	NA	NA	1970-22	NA	NA	NA	NA	NA	86	NA	NA	NA	NA	54.27	-101.4	Boreal Plains
16	16	NA	NA	NA	1970-23	NA	NA	NA	NA	NA	319	NA	NA	NA	NA	54.42	-101.37	Boreal Plains
17	17	NA	NA	NA	1970-24	NA	NA	NA	NA	NA	84	NA	NA	NA	NA	54.45	-101.25	Boreal Plains
18	18	NA	NA	NA	1970-25	NA	NA	NA	NA	NA	182	NA	NA	NA	NA	54.52	-99.53	Boreal Plains
19	19	NA	NA	NA	1970-26	NA	NA	NA	NA	NA	155	NA	NA	NA	NA	54.62	-99.37	Boreal Shield West
20	20	NA	NA	NA	1970-27	NA	NA	NA	NA	NA	546	NA	NA	NA	NA	55.5	-98.12	Boreal Shield West
21	21	NA	NA	NA	1970-28	NA	NA	NA	NA	NA	249	NA	NA	NA	NA	55.4	-98.28	Boreal Shield West
22	22	NA	NA	NA	1970-29	NA	NA	NA	NA	NA	229	NA	NA	NA	NA	54.6	-100.83	Boreal Plains
23	23	NA	NA	NA	1970-3	NA	NA	NA	NA	NA	218	NA	NA	NA	NA	54.87	-102.08	Boreal Shield West
24	24	NA	NA	NA	1970-30	NA	NA	NA	NA	NA	277	NA	NA	NA	NA	54.6	-100.82	Boreal Plains
25	25	NA	NA	NA	1970-31	NA	NA	NA	NA	NA	277	NA	NA	NA	NA	54.57	-101.37	Boreal Shield West
26	26	NA	NA	NA	1970-32	NA	NA	NA	NA	NA	468	NA	NA	NA	NA	54.63	-101.58	Boreal Shield West
27	27	NA	NA	NA	1970-4	NA	NA	NA	NA	NA	71	NA	NA	NA	NA	54.95	-102.73	Boreal Shield West
28	28	NA	NA	NA	1970-5	NA	NA	NA	NA	NA	292	NA	NA	NA	NA	55.12	-102.87	Boreal Shield West
29	29	NA	NA	NA	1970-6	NA	NA	NA	NA	NA	351	NA	NA	NA	NA	55.13	-102.87	Boreal Shield West
30	30	NA	NA	NA	1970-7	NA	NA	NA	NA	NA	259	NA	NA	NA	NA	55.2	-102.92	Boreal Shield West
31	31	NA	NA	NA	1970-8	NA	NA	NA	NA	NA	511	NA	NA	NA	NA	54.72	-102	Boreal Shield West
32	32	NA	NA	NA	1970-9	NA	NA	NA	NA	NA	328	NA	NA	NA	NA	54.72	-102.07	Boreal Shield West
33	33	NA	NA	NA	1971-1	NA	NA	NA	NA	NA	150	NA	NA	NA	NA	65.62	-129.27	Taiga Plains
34	34	NA	NA	NA	1971-10-A	NA	NA	NA	NA	NA	208	NA	NA	NA	NA	66.3	-128.42	Taiga Plains
35	35	NA	NA	NA	1971-10-B	NA	NA	NA	NA	NA	142	NA	NA	NA	NA	66.3	-128.42	Taiga Plains
36	36	NA	NA	NA	1971-10-C	NA	NA	NA	NA	NA	104	NA	NA	NA	NA	66.3	-128.42	Taiga Plains
37	37	NA	NA	NA	1971-11-A	NA	NA	NA	NA	NA	348	NA	NA	NA	NA	67.62	-133.25	Taiga Plains
38	38	NA	NA	NA	1971-11-B	NA	NA	NA	NA	NA	315	NA	NA	NA	NA	67.62	-133.25	Taiga Plains
39	39	NA	NA	NA	1971-12	NA	NA	NA	NA	NA	356	NA	NA	NA	NA	67.62	-133.25	Taiga Plains
40	40	NA	NA	NA	1971-13-A	NA	NA	NA	NA	NA	356	NA	NA	NA	NA	67.62	-133.25	Taiga Plains
41	41	NA	NA	NA	1971-14	NA	NA	NA	NA	NA	199	NA	NA	NA	NA	67.53	-134.2	Taiga Plains
42	42	NA	NA	NA	1971-15-A	NA	NA	NA	NA	NA	203	NA	NA	NA	NA	67.65	-133.67	Taiga Plains
43	43	NA	NA	NA	1971-15-C	NA	NA	NA	NA	NA	155	NA	NA	NA	NA	67.65	-133.67	Taiga Plains
44	44	NA	NA	NA	1971-15-D	NA	NA	NA	NA	NA	183	NA	NA	NA	NA	67.65	-133.67	Taiga Plains
45	45	NA	NA	NA	1971-16-A	NA	NA	NA	NA	NA	338	NA	NA	NA	NA	67.65	-133.67	Taiga Plains
46	46	NA	NA	NA	1971-16-B	NA	NA	NA	NA	NA	195	NA	NA	NA	NA	67.65	-133.67	Taiga Plains
47	47	NA	NA	NA	1971-17	NA	NA	NA	NA	NA	71	NA	NA	NA	NA	67.45	-133.78	Taiga Plains
48	48	NA	NA	NA	1971-18-A	NA	NA	NA	NA	NA	142	NA	NA	NA	NA	67.45	-133.78	Taiga Plains
49	49	NA	NA	NA	1971-18-B	NA	NA	NA	NA	NA	193	NA	NA	NA	NA	67.45	-133.78	Taiga Plains
50	50	NA	NA	NA	1971-19-A	NA	NA	NA	NA	NA	180	NA	NA	NA	NA	67.77	-131.93	Taiga Plains
51	51	NA	NA	NA	1971-19-B	NA	NA	NA	NA	NA	196	NA	NA	NA	NA	67.77	-131.93	Taiga Plains
52	52	NA	NA	NA	1971-2-A	NA	NA	NA	NA	NA	337	NA	NA	NA	NA	65.62	-129.25	Taiga Plains
53	53	NA	NA	NA	1971-2-B	NA	NA	NA	NA	NA	264	NA	NA	NA	NA	65.62	-129.25	Taiga Plains
54	54	NA	NA	NA	1971-2-C	NA	NA	NA	NA	NA	334	NA	NA	NA	NA	65.62	-129.25	Taiga Plains
55	55	NA	NA	NA	1971-20	NA	NA	NA	NA	NA	114	NA	NA	NA	NA	67.77	-131.93	Taiga Plains
56	56	NA	NA	NA	1971-21	NA	NA	NA	NA	NA	305	NA	NA	NA	NA	67.68	-132.08	Taiga Plains
57	57	NA	NA	NA	1971-22-A	NA	NA	NA	NA	NA	211	NA	NA	NA	NA	67.68	-132.08	Taiga Plains
58	58	NA	NA	NA	1971-22-B	NA	NA	NA	NA	NA	302	NA	NA	NA	NA	67.68	-132.08	Taiga Plains
59	59	NA	NA	NA	1971-22-C	NA	NA	NA	NA	NA	265	NA	NA	NA	NA	67.68	-132.08	Taiga Plains
60	60	NA	NA	NA	1971-23-A	NA	NA	NA	NA	NA	323	NA	NA	NA	NA	67.1	-134.28	Taiga Plains
61	61	NA	NA	NA	1971-23-B	NA	NA	NA	NA	NA	259	NA	NA	NA	NA	67.1	-134.28	Taiga Plains
62	62	NA	NA	NA	1971-24-A	NA	NA	NA	NA	NA	305	NA	NA	NA	NA	67.1	-134.28	Taiga Plains
63	63	NA	NA	NA	1971-25-A	NA	NA	NA	NA	NA	107	NA	NA	NA	NA	67.1	-134.28	Taiga Plains
64	64	NA	NA	NA	1971-25-B	NA	NA	NA	NA	NA	188	NA	NA	NA	NA	67.1	-134.28	Taiga Plains
65	65	NA	NA	NA	1971-26-A	NA	NA	NA	NA	NA	282	NA	NA	NA	NA	67.1	-134.28	Taiga Plains
66	66	NA	NA	NA	1971-26-B	NA	NA	NA	NA	NA	178	NA	NA	NA	NA	67.1	-134.28	Taiga Plains
67	67	NA	NA	NA	1971-27-A	NA	NA	NA	NA	NA	236	NA	NA	NA	NA	67.27	-135.52	Taiga Plains
68	68	NA	NA	NA	1971-27-C	NA	NA	NA	NA	NA	193	NA	NA	NA	NA	67.27	-135.52	Taiga Plains
69	69	NA	NA	NA	1971-28-A	NA	NA	NA	NA	NA	183	NA	NA	NA	NA	66.77	-133.73	Taiga Plains
70	70	NA	NA	NA	1971-28-B	NA	NA	NA	NA	NA	219	NA	NA	NA	NA	66.77	-133.73	Taiga Plains
71	71	NA	NA	NA	1971-28-C	NA	NA	NA	NA	NA	198	NA	NA	NA	NA	66.77	-133.73	Taiga Plains
72	72	NA	NA	NA	1971-29	NA	NA	NA	NA	NA	213	NA	NA	NA	NA	66.77	-133.73	Taiga Plains
73	73	NA	NA	NA	1971-3	NA	NA	NA	NA	NA	270	NA	NA	NA	NA	64.63	-128.92	Taiga Cordillera
74	74	NA	NA	NA	1971-30	NA	NA	NA	NA	NA	307	NA	NA	NA	NA	66.77	-133.73	Taiga Plains
75	75	NA	NA	NA	1971-31-A	NA	NA	NA	NA	NA	231	NA	NA	NA	NA	66.67	-132.7	Taiga Plains
76	76	NA	NA	NA	1971-31-B	NA	NA	NA	NA	NA	158	NA	NA	NA	NA	66.67	-132.7	Taiga Plains
77	77	NA	NA	NA	1971-32-A	NA	NA	NA	NA	NA	191	NA	NA	NA	NA	66.67	-132.7	Taiga Plains
78	78	NA	NA	NA	1971-32-B	NA	NA	NA	NA	NA	155	NA	NA	NA	NA	66.67	-132.7	Taiga Plains
79	79	NA	NA	NA	1971-33-A	NA	NA	NA	NA	NA	350	NA	NA	NA	NA	66.6	-133.43	Taiga Plains
80	80	NA	NA	NA	1971-33-B	NA	NA	NA	NA	NA	320	NA	NA	NA	NA	66.6	-133.43	Taiga Plains
81	81	NA	NA	NA	1971-35	NA	NA	NA	NA	NA	137	NA	NA	NA	NA	67.33	-134.6	Taiga Plains
82	82	NA	NA	NA	1971-36	NA	NA	NA	NA	NA	142	NA	NA	NA	NA	67.18	-134.55	Taiga Plains
83	83	NA	NA	NA	1971-4	NA	NA	NA	NA	NA	127	NA	NA	NA	NA	66.12	-129.52	Taiga Plains
84	84	NA	NA	NA	1971-5-A	NA	NA	NA	NA	NA	181	NA	NA	NA	NA	66.1	-128.35	Taiga Plains
85	85	NA	NA	NA	1971-5-B	NA	NA	NA	NA	NA	172	NA	NA	NA	NA	66.1	-128.35	Taiga Plains
86	86	NA	NA	NA	1971-5-C	NA	NA	NA	NA	NA	180	NA	NA	NA	NA	66.1	-128.35	Taiga Plains
87	87	NA	NA	NA	1971-6-A	NA	NA	NA	NA	NA	182	NA	NA	NA	NA	66.1	-128.35	Taiga Plains
88	88	NA	NA	NA	1971-6-B	NA	NA	NA	NA	NA	165	NA	NA	NA	NA	66.1	-128.35	Taiga Plains
89	89	NA	NA	NA	1971-7	NA	NA	NA	NA	NA	335	NA	NA	NA	NA	65.93	-129.83	Taiga Plains
90	90	NA	NA	NA	1971-7-A	NA	NA	NA	NA	NA	345	NA	NA	NA	NA	65.93	-129.83	Taiga Plains
91	91	NA	NA	NA	1971-8	NA	NA	NA	NA	NA	239	NA	NA	NA	NA	65.93	-129.75	Taiga Plains
92	92	NA	NA	NA	1971-9	NA	NA	NA	NA	NA	102	NA	NA	NA	NA	66.3	-128.38	Taiga Plains
93	93	NA	NA	NA	1972-1	NA	NA	NA	NA	NA	182	NA	NA	NA	NA	66.52	-134.2	Taiga Plains
94	94	NA	NA	NA	1972-10-A	NA	NA	NA	NA	NA	171	NA	NA	NA	NA	65.62	-134.3	Taiga Plains
95	95	NA	NA	NA	1972-10-B	NA	NA	NA	NA	NA	203	NA	NA	NA	NA	65.62	-134.3	Taiga Plains
96	96	NA	NA	NA	1972-10-C	NA	NA	NA	NA	NA	110	NA	NA	NA	NA	65.62	-134.3	Taiga Plains
97	97	NA	NA	NA	1972-11-A	NA	NA	NA	NA	NA	143	NA	NA	NA	NA	65.62	-134.3	Taiga Plains
98	98	NA	NA	NA	1972-11-B	NA	NA	NA	NA	NA	197	NA	NA	NA	NA	65.62	-134.3	Taiga Plains
99	99	NA	NA	NA	1972-12-A	NA	NA	NA	NA	NA	301	NA	NA	NA	NA	65.53	-134.75	Taiga Plains
100	100	NA	NA	NA	1972-12-B	NA	NA	NA	NA	NA	299	NA	NA	NA	NA	65.53	-134.75	Taiga Plains
101	101	NA	NA	NA	1972-12-C	NA	NA	NA	NA	NA	253	NA	NA	NA	NA	65.53	-134.75	Taiga Plains
102	102	NA	NA	NA	1972-13-A	NA	NA	NA	NA	NA	140	NA	NA	NA	NA	65.53	-134.75	Taiga Plains
103	103	NA	NA	NA	1972-13-B	NA	NA	NA	NA	NA	137	NA	NA	NA	NA	65.53	-134.75	Taiga Plains
104	104	NA	NA	NA	1972-14	NA	NA	NA	NA	NA	164	NA	NA	NA	NA	66.05	-133.15	Taiga Plains
105	105	NA	NA	NA	1972-15-A	NA	NA	NA	NA	NA	348	NA	NA	NA	NA	65.92	-133	Taiga Plains
106	106	NA	NA	NA	1972-15-B	NA	NA	NA	NA	NA	282	NA	NA	NA	NA	65.92	-133	Taiga Plains
107	107	NA	NA	NA	1972-16	NA	NA	NA	NA	NA	381	NA	NA	NA	NA	65.92	-133	Taiga Plains
108	108	NA	NA	NA	1972-17	NA	NA	NA	NA	NA	357	NA	NA	NA	NA	65.92	-133	Taiga Plains
109	109	NA	NA	NA	1972-18	NA	NA	NA	NA	NA	287	NA	NA	NA	NA	65.92	-133	Taiga Plains
110	110	NA	NA	NA	1972-19	NA	NA	NA	NA	NA	180	NA	NA	NA	NA	66.43	-137.43	Taiga Cordillera
111	111	NA	NA	NA	1972-2-A	NA	NA	NA	NA	NA	242	NA	NA	NA	NA	66.75	-135.37	Taiga Plains
112	112	NA	NA	NA	1972-20-A	NA	NA	NA	NA	NA	367	NA	NA	NA	NA	67.13	-137.43	Taiga Cordillera
113	113	NA	NA	NA	1972-20-B	NA	NA	NA	NA	NA	328	NA	NA	NA	NA	67.13	-137.43	Taiga Cordillera
114	114	NA	NA	NA	1972-21-A	NA	NA	NA	NA	NA	300	NA	NA	NA	NA	67.08	-137.28	Taiga Cordillera
115	115	NA	NA	NA	1972-21-B	NA	NA	NA	NA	NA	161	NA	NA	NA	NA	67.08	-137.28	Taiga Cordillera
116	116	NA	NA	NA	1972-22-A	NA	NA	NA	NA	NA	377	NA	NA	NA	NA	67.13	-137.43	Taiga Cordillera
117	117	NA	NA	NA	1972-22-B	NA	NA	NA	NA	NA	247	NA	NA	NA	NA	67.13	-137.43	Taiga Cordillera
118	118	NA	NA	NA	1972-22-C	NA	NA	NA	NA	NA	372	NA	NA	NA	NA	67.13	-137.43	Taiga Cordillera
119	119	NA	NA	NA	1972-22-D	NA	NA	NA	NA	NA	401	NA	NA	NA	NA	67.13	-137.43	Taiga Cordillera
120	120	NA	NA	NA	1972-23-A	NA	NA	NA	NA	NA	185	NA	NA	NA	NA	67.12	-137.22	Taiga Cordillera
121	121	NA	NA	NA	1972-23-B	NA	NA	NA	NA	NA	98	NA	NA	NA	NA	67.12	-137.22	Taiga Cordillera
122	122	NA	NA	NA	1972-24-A	NA	NA	NA	NA	NA	287	NA	NA	NA	NA	67.12	-137.22	Taiga Cordillera
123	123	NA	NA	NA	1972-24-B	NA	NA	NA	NA	NA	145	NA	NA	NA	NA	67.12	-137.22	Taiga Cordillera
124	124	NA	NA	NA	1972-25	NA	NA	NA	NA	NA	375	NA	NA	NA	NA	67.13	-137.43	Taiga Cordillera
125	125	NA	NA	NA	1972-26-A	NA	NA	NA	NA	NA	62	NA	NA	NA	NA	67.92	-139.42	Taiga Cordillera
126	126	NA	NA	NA	1972-26-B	NA	NA	NA	NA	NA	64	NA	NA	NA	NA	67.92	-139.42	Taiga Cordillera
127	127	NA	NA	NA	1972-26-C	NA	NA	NA	NA	NA	72	NA	NA	NA	NA	67.92	-139.42	Taiga Cordillera
128	128	NA	NA	NA	1972-27-A	NA	NA	NA	NA	NA	256	NA	NA	NA	NA	67.92	-139.42	Taiga Cordillera
129	129	NA	NA	NA	1972-27-B	NA	NA	NA	NA	NA	194	NA	NA	NA	NA	67.92	-139.42	Taiga Cordillera
130	130	NA	NA	NA	1972-27-C	NA	NA	NA	NA	NA	119	NA	NA	NA	NA	67.92	-139.42	Taiga Cordillera
131	131	NA	NA	NA	1972-27-D	NA	NA	NA	NA	NA	81	NA	NA	NA	NA	67.92	-139.42	Taiga Cordillera
132	132	NA	NA	NA	1972-28-A	NA	NA	NA	NA	NA	285	NA	NA	NA	NA	67.92	-139.42	Taiga Cordillera
133	133	NA	NA	NA	1972-28-B	NA	NA	NA	NA	NA	88	NA	NA	NA	NA	67.92	-139.42	Taiga Cordillera
134	134	NA	NA	NA	1972-3-A	NA	NA	NA	NA	NA	466	NA	NA	NA	NA	66.82	-135.35	Taiga Plains
135	135	NA	NA	NA	1972-30-A	NA	NA	NA	NA	NA	136	NA	NA	NA	NA	67.9	-140.2	Taiga Cordillera
136	136	NA	NA	NA	1972-30-B	NA	NA	NA	NA	NA	69	NA	NA	NA	NA	67.9	-140.2	Taiga Cordillera
137	137	NA	NA	NA	1972-30-C	NA	NA	NA	NA	NA	140	NA	NA	NA	NA	67.9	-140.2	Taiga Cordillera
138	138	NA	NA	NA	1972-4-A	NA	NA	NA	NA	NA	131	NA	NA	NA	NA	66.82	-135.35	Taiga Plains
139	139	NA	NA	NA	1972-6-A	NA	NA	NA	NA	NA	242	NA	NA	NA	NA	66.82	-135.35	Taiga Plains
140	140	NA	NA	NA	1972-6-B	NA	NA	NA	NA	NA	183	NA	NA	NA	NA	66.82	-135.35	Taiga Plains
141	141	NA	NA	NA	1972-7	NA	NA	NA	NA	NA	274	NA	NA	NA	NA	65.8	-134.95	Taiga Plains
142	142	NA	NA	NA	1972-8	NA	NA	NA	NA	NA	340	NA	NA	NA	NA	65.8	-134.95	Taiga Plains
143	143	NA	NA	NA	1972-9-A	NA	NA	NA	NA	NA	230	NA	NA	NA	NA	66.17	-134.68	Taiga Plains
144	144	NA	NA	NA	1973-1	NA	NA	NA	NA	NA	185	NA	NA	NA	NA	61.43	-121.28	Taiga Plains
145	145	NA	NA	NA	1973-10-A	NA	NA	NA	NA	NA	105	NA	NA	NA	NA	65.38	-126.37	Taiga Plains
146	146	NA	NA	NA	1973-10-B	NA	NA	NA	NA	NA	50	NA	NA	NA	NA	65.38	-126.37	Taiga Plains
147	147	NA	NA	NA	1973-10-C	NA	NA	NA	NA	NA	95	NA	NA	NA	NA	65.38	-126.37	Taiga Plains
148	148	NA	NA	NA	1973-11-A	NA	NA	NA	NA	NA	284	NA	NA	NA	NA	65.25	-127.3	Taiga Plains
149	149	NA	NA	NA	1973-11-B	NA	NA	NA	NA	NA	315	NA	NA	NA	NA	65.25	-127.3	Taiga Plains
150	150	NA	NA	NA	1973-11-C	NA	NA	NA	NA	NA	198	NA	NA	NA	NA	65.25	-127.3	Taiga Plains
151	151	NA	NA	NA	1973-12-A	NA	NA	NA	NA	NA	185	NA	NA	NA	NA	65.55	-128.85	Taiga Plains
152	152	NA	NA	NA	1973-12-B	NA	NA	NA	NA	NA	260	NA	NA	NA	NA	65.55	-128.85	Taiga Plains
153	153	NA	NA	NA	1973-13-A	NA	NA	NA	NA	NA	190	NA	NA	NA	NA	65.3	-127.6	Taiga Plains
154	154	NA	NA	NA	1973-13-B	NA	NA	NA	NA	NA	215	NA	NA	NA	NA	65.3	-127.6	Taiga Plains
155	155	NA	NA	NA	1973-13-C	NA	NA	NA	NA	NA	275	NA	NA	NA	NA	65.3	-127.6	Taiga Plains
156	156	NA	NA	NA	1973-14-A	NA	NA	NA	NA	NA	171	NA	NA	NA	NA	68.42	-132.5	Low Arctic
157	157	NA	NA	NA	1973-14-B	NA	NA	NA	NA	NA	110	NA	NA	NA	NA	68.42	-132.5	Low Arctic
158	158	NA	NA	NA	1973-15	NA	NA	NA	NA	NA	277	NA	NA	NA	NA	69.35	-139.25	Low Arctic
159	159	NA	NA	NA	1973-16	NA	NA	NA	NA	NA	263	NA	NA	NA	NA	68.47	-133	Low Arctic
160	160	NA	NA	NA	1973-17-A	NA	NA	NA	NA	NA	370	NA	NA	NA	NA	67.65	-133.63	Taiga Plains
161	161	NA	NA	NA	1973-17-B	NA	NA	NA	NA	NA	65	NA	NA	NA	NA	67.65	-133.63	Taiga Plains
162	162	NA	NA	NA	1973-17-C	NA	NA	NA	NA	NA	345	NA	NA	NA	NA	67.65	-133.63	Taiga Plains
163	163	NA	NA	NA	1973-18-A	NA	NA	NA	NA	NA	223	NA	NA	NA	NA	68.67	-132.85	Low Arctic
164	164	NA	NA	NA	1973-18-C	NA	NA	NA	NA	NA	90	NA	NA	NA	NA	68.67	-132.85	Low Arctic
165	165	NA	NA	NA	1973-19-A	NA	NA	NA	NA	NA	142	NA	NA	NA	NA	68.67	-132.85	Low Arctic
166	166	NA	NA	NA	1973-19-B	NA	NA	NA	NA	NA	185	NA	NA	NA	NA	68.67	-132.85	Low Arctic
167	167	NA	NA	NA	1973-20	NA	NA	NA	NA	NA	180	NA	NA	NA	NA	69.93	-131.3	
168	168	NA	NA	NA	1973-21	NA	NA	NA	NA	NA	220	NA	NA	NA	NA	69.55	-131.58	Low Arctic
169	169	NA	NA	NA	1973-22	NA	NA	NA	NA	NA	310	NA	NA	NA	NA	69.28	-134.4	Low Arctic
170	170	NA	NA	NA	1973-23-A	NA	NA	NA	NA	NA	310	NA	NA	NA	NA	69.37	-133.07	Low Arctic
171	171	NA	NA	NA	1973-24-A	NA	NA	NA	NA	NA	65	NA	NA	NA	NA	68.97	-133.8	Low Arctic
172	172	NA	NA	NA	1973-24-C	NA	NA	NA	NA	NA	80	NA	NA	NA	NA	68.97	-133.8	Low Arctic
173	173	NA	NA	NA	1973-5-A	NA	NA	NA	NA	NA	305	NA	NA	NA	NA	62.13	-120.97	Taiga Plains
174	174	NA	NA	NA	1973-5-B	NA	NA	NA	NA	NA	272	NA	NA	NA	NA	62.13	-120.97	Taiga Plains
175	175	NA	NA	NA	1973-7-A	NA	NA	NA	NA	NA	190	NA	NA	NA	NA	65.27	-125.5	Taiga Plains
176	176	NA	NA	NA	1973-7-B	NA	NA	NA	NA	NA	226	NA	NA	NA	NA	65.27	-125.5	Taiga Plains
177	177	NA	NA	NA	1973-8-A	NA	NA	NA	NA	NA	214	NA	NA	NA	NA	65.27	-125.5	Taiga Plains
178	178	NA	NA	NA	1973-8-B	NA	NA	NA	NA	NA	146	NA	NA	NA	NA	65.43	-125.5	Taiga Plains
179	179	NA	NA	NA	1973-8-C	NA	NA	NA	NA	NA	245	NA	NA	NA	NA	65.43	-125.5	Taiga Plains
180	180	NA	NA	NA	1973-9-A	NA	NA	NA	NA	NA	95	NA	NA	NA	NA	65.38	-126.37	Taiga Plains
181	181	NA	NA	NA	1973-9-B	NA	NA	NA	NA	NA	83	NA	NA	NA	NA	65.38	-126.37	Taiga Plains
182	182	NA	NA	NA	1973-9-C	NA	NA	NA	NA	NA	71	NA	NA	NA	NA	65.38	-126.37	Taiga Plains
183	183	NA	NA	NA	1975-10	NA	NA	NA	NA	NA	111	NA	NA	NA	NA	74.02	-94.45	High Arctic
184	184	NA	NA	NA	1976-8	NA	NA	NA	NA	NA	125	NA	NA	NA	NA	63.65	-95.83	Low Arctic
185	185	NA	NA	NA	1977-20	NA	NA	NA	NA	NA	184	NA	NA	NA	NA	61.63	-97.2	Taiga Shield West
186	186	NA	NA	NA	1977-4	NA	NA	NA	NA	NA	164	NA	NA	NA	NA	60.58	-96.97	Taiga Shield West
187	187	NA	NA	NA	1981-1-A	NA	NA	NA	NA	NA	253	NA	NA	open	rich fen	52.45	-115.02	Boreal Plains
188	188	NA	NA	NA	1981-1-A	NA	NA	NA	NA	NA	253	NA	NA	open	rich fen	52.45	-115.02	Boreal Plains
189	189	NA	NA	NA	1981-1-A	NA	NA	NA	NA	NA	42	NA	NA	open	rich fen	52.45	-115.02	Boreal Plains
190	190	NA	NA	NA	1981-1-B	NA	NA	NA	NA	NA	48	NA	NA	open	rich fen	52.45	-115.02	Boreal Plains
191	191	NA	NA	NA	1981-1-B	NA	NA	NA	NA	NA	262	NA	NA	open	rich fen	52.45	-115.02	Boreal Plains
192	192	NA	NA	NA	1981-1-C	NA	NA	NA	NA	NA	260	NA	NA	open	rich fen	52.45	-115.02	Boreal Plains
193	193	NA	NA	NA	1981-10-A	NA	NA	NA	NA	NA	361	NA	NA	open	rich fen	53.57	-116.53	Boreal Plains
194	194	NA	NA	NA	1981-10-B	NA	NA	NA	NA	NA	342	NA	NA	open	rich fen	53.57	-116.53	Boreal Plains
195	195	NA	NA	NA	1981-11-A	NA	NA	NA	NA	NA	510	NA	NA	open	rich fen	53.33	-117.47	Boreal Plains
196	196	NA	NA	NA	1981-11-A	NA	NA	NA	NA	NA	500	NA	NA	open	rich fen	53.33	-117.47	Boreal Plains
197	197	NA	NA	NA	1981-11-B	NA	NA	NA	NA	NA	488	NA	NA	open	rich fen	53.33	-117.47	Boreal Plains
198	198	NA	NA	NA	1981-11-B	NA	NA	NA	NA	NA	372	NA	NA	open	rich fen	53.33	-117.47	Boreal Plains
199	199	NA	NA	NA	1981-11-C	NA	NA	NA	NA	NA	290	NA	NA	open	rich fen	53.33	-117.47	Boreal Plains
200	200	NA	NA	NA	1981-11-C	NA	NA	NA	NA	NA	290	NA	NA	open	rich fen	53.33	-117.47	Boreal Plains
201	201	NA	NA	NA	1981-12-A	NA	NA	NA	NA	NA	105	NA	NA	open	rich fen	57.17	-118.17	Boreal Plains
202	202	NA	NA	NA	1981-12-B	NA	NA	NA	NA	NA	45	NA	NA	open	rich fen	57.17	-118.17	Boreal Plains
203	207	NA	NA	NA	1981-16-A	NA	NA	NA	NA	NA	114	NA	NA	open	rich fen	55.57	-116.5	Boreal Plains
204	208	NA	NA	NA	1981-16-B	NA	NA	NA	NA	NA	100	NA	NA	open	rich fen	55.57	-116.5	Boreal Plains
205	209	NA	NA	NA	1981-16-B	NA	NA	NA	NA	NA	100	NA	NA	open	rich fen	55.57	-116.5	Boreal Plains
206	210	NA	NA	NA	1981-17-A	NA	NA	NA	NA	NA	266	NA	NA	open	rich fen	54.7	-116.02	Boreal Plains
207	211	NA	NA	NA	1981-17-B	NA	NA	NA	NA	NA	246	NA	NA	open	rich fen	54.7	-116.02	Boreal Plains
208	212	NA	NA	NA	1981-17-B	NA	NA	NA	NA	NA	246	NA	NA	open	rich fen	54.7	-116.02	Boreal Plains
209	213	NA	NA	NA	1981-18-A	NA	NA	NA	NA	NA	566	NA	NA	open	rich fen	54.75	-115.87	Boreal Plains
210	214	NA	NA	NA	1981-18-B	NA	NA	NA	NA	NA	495	NA	NA	open	rich fen	54.75	-115.87	Boreal Plains
211	215	NA	NA	NA	1981-18-B	NA	NA	NA	NA	NA	495	NA	NA	open	rich fen	54.75	-115.87	Boreal Plains
212	216	NA	NA	NA	1981-19-B	NA	NA	NA	NA	NA	159	NA	NA	open	rich fen	54.93	-115.13	Boreal Plains
213	217	NA	NA	NA	1981-19-C	NA	NA	NA	NA	NA	152	NA	NA	open	rich fen	54.93	-115.13	Boreal Plains
214	218	NA	NA	NA	1981-19-C	NA	NA	NA	NA	NA	152	NA	NA	open	rich fen	54.93	-115.13	Boreal Plains
215	219	NA	NA	NA	1981-2-A	NA	NA	NA	NA	NA	331	NA	NA	open	rich fen	52.45	-115	Boreal Plains
216	220	NA	NA	NA	1981-2-A	NA	NA	NA	NA	NA	55	NA	NA	open	rich fen	52.45	-115	Boreal Plains
217	221	NA	NA	NA	1981-2-B	NA	NA	NA	NA	NA	291	NA	NA	open	rich fen	52.45	-115	Boreal Plains
218	222	NA	NA	NA	1981-2-B	NA	NA	NA	NA	NA	45	NA	NA	open	rich fen	52.45	-115	Boreal Plains
219	223	NA	NA	NA	1981-20-A	NA	NA	NA	NA	NA	389	NA	NA	open	rich fen	54.77	-115.53	Boreal Plains
220	224	NA	NA	NA	1981-20-A	NA	NA	NA	NA	NA	389	NA	NA	open	rich fen	54.77	-115.53	Boreal Plains
221	225	NA	NA	NA	1981-20-B	NA	NA	NA	NA	NA	343	NA	NA	open	rich fen	54.77	-115.53	Boreal Plains
222	226	NA	NA	NA	1981-20-B	NA	NA	NA	NA	NA	250	NA	NA	open	rich fen	54.77	-115.53	Boreal Plains
223	227	NA	NA	NA	1981-21-A	NA	NA	NA	NA	NA	422	NA	NA	open	rich fen	54.68	-115.57	Boreal Plains
224	228	NA	NA	NA	1981-21-B	NA	NA	NA	NA	NA	363	NA	NA	open	rich fen	54.68	-115.57	Boreal Plains
225	229	NA	NA	NA	1981-21-B	NA	NA	NA	NA	NA	363	NA	NA	open	rich fen	54.68	-115.57	Boreal Plains
226	233	NA	NA	NA	1981-25-A	NA	NA	NA	NA	NA	761	NA	NA	open	rich fen	55.53	-112.33	Boreal Plains
227	234	NA	NA	NA	1981-25-A	NA	NA	NA	NA	NA	268	NA	NA	open	rich fen	55.53	-112.33	Boreal Plains
228	239	NA	NA	NA	1981-3-A	NA	NA	NA	NA	NA	408	NA	NA	open	rich fen	52.47	-115	Boreal Plains
229	240	NA	NA	NA	1981-3-A	NA	NA	NA	NA	NA	408	NA	NA	open	rich fen	52.47	-115	Boreal Plains
230	241	NA	NA	NA	1981-3-B	NA	NA	NA	NA	NA	418	NA	NA	open	rich fen	52.47	-115	Boreal Plains
231	242	NA	NA	NA	1981-3-B	NA	NA	NA	NA	NA	418	NA	NA	open	rich fen	52.47	-115	Boreal Plains
232	243	NA	NA	NA	1981-3-C	NA	NA	NA	NA	NA	356	NA	NA	open	rich fen	52.47	-115	Boreal Plains
233	246	NA	NA	NA	1981-32	NA	NA	NA	NA	NA	251	NA	NA	open	rich fen	55.02	-111.68	Boreal Plains
234	247	NA	NA	NA	1981-32	NA	NA	NA	NA	NA	251	NA	NA	open	rich fen	55.02	-111.68	Boreal Plains
235	249	NA	NA	NA	1981-34-A	NA	NA	NA	NA	NA	261	NA	NA	open	rich fen	54.62	-112.15	Boreal Plains
236	250	NA	NA	NA	1981-34-B	NA	NA	NA	NA	NA	285	NA	NA	open	rich fen	54.62	-112.15	Boreal Plains
237	251	NA	NA	NA	1981-34-B	NA	NA	NA	NA	NA	285	NA	NA	open	rich fen	54.62	-112.15	Boreal Plains
238	255	NA	NA	NA	1981-38-A	NA	NA	NA	NA	NA	439	NA	NA	open	rich fen	56.18	-115.33	Boreal Plains
239	256	NA	NA	NA	1981-38-B	NA	NA	NA	NA	NA	201	NA	NA	open	rich fen	56.18	-115.33	Boreal Plains
240	257	NA	NA	NA	1981-39-A	NA	NA	NA	NA	NA	88	NA	NA	open	rich fen	55.13	-114.18	Boreal Plains
241	258	NA	NA	NA	1981-39-C	NA	NA	NA	NA	NA	211	NA	NA	open	rich fen	55.13	-114.18	Boreal Plains
242	259	NA	NA	NA	1981-4-A	NA	NA	NA	NA	NA	64	NA	NA	open	rich fen	52.45	-115	Boreal Plains
243	260	NA	NA	NA	1981-4-A	NA	NA	NA	NA	NA	64	NA	NA	open	rich fen	52.45	-115	Boreal Plains
244	261	NA	NA	NA	1981-4-A	NA	NA	NA	NA	NA	6	NA	NA	open	rich fen	52.45	-115	Boreal Plains
245	262	NA	NA	NA	1981-4-A	NA	NA	NA	NA	NA	44	NA	NA	open	rich fen	52.45	-115	Boreal Plains
246	263	NA	NA	NA	1981-4-B	NA	NA	NA	NA	NA	188	NA	NA	treed	swamp	52.45	-115	Boreal Plains
247	264	NA	NA	NA	1981-4-B	NA	NA	NA	NA	NA	8	NA	NA	treed	swamp	52.45	-115	Boreal Plains
248	265	NA	NA	NA	1981-4-B	NA	NA	NA	NA	NA	27	NA	NA	treed	swamp	52.45	-115	Boreal Plains
249	266	NA	NA	NA	1981-4-B	NA	NA	NA	NA	NA	42	NA	NA	treed	swamp	52.45	-115	Boreal Plains
250	267	NA	NA	NA	1981-40-A	NA	NA	NA	NA	NA	230	NA	NA	treed	swamp	55.17	-114.25	Boreal Plains
251	268	NA	NA	NA	1981-40-B	NA	NA	NA	NA	NA	212	NA	NA	treed	swamp	55.17	-114.25	Boreal Plains
252	270	NA	NA	NA	1981-42	NA	NA	NA	NA	NA	290	NA	NA	treed	swamp	54.62	-114.1	Boreal Plains
253	272	NA	NA	NA	1981-44	NA	NA	NA	NA	NA	136	NA	NA	treed	swamp	55	-114.38	Boreal Plains
254	273	NA	NA	NA	1981-44	NA	NA	NA	NA	NA	132	NA	NA	treed	swamp	55	-114.38	Boreal Plains
255	274	NA	NA	NA	1981-45-A	NA	NA	NA	NA	NA	248	NA	NA	treed	swamp	55.13	-114.02	Boreal Plains
256	275	NA	NA	NA	1981-45-B	NA	NA	NA	NA	NA	222	NA	NA	treed	swamp	55.13	-114.02	Boreal Plains
257	276	NA	NA	NA	1981-46	NA	NA	NA	NA	NA	267	NA	NA	treed	swamp	55.35	-114.58	Boreal Plains
258	277	NA	NA	NA	1981-47-A	NA	NA	NA	NA	NA	211	NA	NA	treed	swamp	56.28	-115.37	Boreal Plains
259	278	NA	NA	NA	1981-47-B	NA	NA	NA	NA	NA	164	NA	NA	treed	swamp	56.28	-115.37	Boreal Plains
260	279	NA	NA	NA	1981-47-B	NA	NA	NA	NA	NA	164	NA	NA	treed	swamp	56.28	-115.37	Boreal Plains
261	285	NA	NA	NA	1981-51-A	NA	NA	NA	NA	NA	345	NA	NA	treed	bog	55.17	-114.22	Boreal Plains
262	286	NA	NA	NA	1981-51-B	NA	NA	NA	NA	NA	329	NA	NA	treed	bog	55.17	-114.22	Boreal Plains
263	287	NA	NA	NA	1981-51-B	NA	NA	NA	NA	NA	329	NA	NA	treed	bog	55.17	-114.22	Boreal Plains
264	288	NA	NA	NA	1981-52-A	NA	NA	NA	NA	NA	757	NA	NA	treed	bog	53.53	-117.1	Boreal Plains
265	289	NA	NA	NA	1981-52-A	NA	NA	NA	NA	NA	757	NA	NA	treed	bog	53.53	-117.1	Boreal Plains
266	290	NA	NA	NA	1981-52-B	NA	NA	NA	NA	NA	745	NA	NA	treed	bog	53.53	-117.1	Boreal Plains
267	291	NA	NA	NA	1981-52-B	NA	NA	NA	NA	NA	751	NA	NA	treed	bog	53.53	-117.1	Boreal Plains
268	294	NA	NA	NA	1981-54-A	NA	NA	NA	NA	NA	165	NA	NA	treed	bog	53.57	-113.77	Prairies
269	295	NA	NA	NA	1981-54-B	NA	NA	NA	NA	NA	240	NA	NA	treed	bog	53.57	-113.77	Prairies
270	297	NA	NA	NA	1981-55-A	NA	NA	NA	NA	NA	293	NA	NA	treed	bog	54.45	-114.27	Boreal Plains
271	298	NA	NA	NA	1981-55-B	NA	NA	NA	NA	NA	326	NA	NA	treed	bog	54.45	-114.27	Boreal Plains
272	299	NA	NA	NA	1981-55-B	NA	NA	NA	NA	NA	326	NA	NA	treed	bog	54.45	-114.27	Boreal Plains
273	300	NA	NA	NA	1981-55-C	NA	NA	NA	NA	NA	324	NA	NA	treed	bog	54.45	-114.27	Boreal Plains
274	301	NA	NA	NA	1981-55-C	NA	NA	NA	NA	NA	324	NA	NA	treed	bog	54.45	-114.27	Boreal Plains
275	302	NA	NA	NA	1981-55-D	NA	NA	NA	NA	NA	316	NA	NA	treed	bog	54.45	-114.27	Boreal Plains
276	303	NA	NA	NA	1981-55-D	NA	NA	NA	NA	NA	316	NA	NA	treed	bog	54.45	-114.27	Boreal Plains
277	310	NA	NA	NA	1981-6-A	NA	NA	NA	NA	NA	377	NA	NA	treed	bog	52.45	-115.2	Boreal Plains
278	311	NA	NA	NA	1981-6-A	NA	NA	NA	NA	NA	377	NA	NA	treed	bog	52.45	-115.2	Boreal Plains
279	312	NA	NA	NA	1981-6-B	NA	NA	NA	NA	NA	357	NA	NA	open	rich fen	52.45	-115.2	Boreal Plains
280	313	NA	NA	NA	1981-6-B	NA	NA	NA	NA	NA	357	NA	NA	open	rich fen	52.45	-115.2	Boreal Plains
281	314	NA	NA	NA	1981-6-B	NA	NA	NA	NA	NA	116	NA	NA	open	rich fen	52.45	-115.2	Boreal Plains
282	316	NA	NA	NA	1981-7-A	NA	NA	NA	NA	NA	356	NA	NA	open	rich fen	52.35	-115.28	Boreal Plains
283	317	NA	NA	NA	1981-7-A	NA	NA	NA	NA	NA	356	NA	NA	open	rich fen	52.35	-115.28	Boreal Plains
284	318	NA	NA	NA	1981-7-B	NA	NA	NA	NA	NA	338	NA	NA	open	poor fen	52.35	-115.28	Boreal Plains
285	319	NA	NA	NA	1981-8-A	NA	NA	NA	NA	NA	382	NA	NA	treed	rich fen	52.85	-116.47	Boreal Plains
286	320	NA	NA	NA	1981-8-B	NA	NA	NA	NA	NA	363	NA	NA	treed	rich fen	52.85	-116.47	Boreal Plains
287	321	NA	NA	NA	1981-9-A	NA	NA	NA	NA	NA	338	NA	NA	open	poor fen	53.52	-116.53	Boreal Plains
288	322	NA	NA	NA	1981-9-B	NA	NA	NA	NA	NA	298	NA	NA	open	rich fen	53.52	-116.53	Boreal Plains
289	323	NA	NA	NA	1981-9-B	NA	NA	NA	NA	NA	257	NA	NA	open	rich fen	53.52	-116.53	Boreal Plains
290	327	NA	NA	NA	1982-12-A	NA	NA	NA	NA	NA	184	NA	NA	open	rich fen	54.28	-101.03	Boreal Plains
291	328	NA	NA	NA	1982-12-B	NA	NA	NA	NA	NA	174	NA	NA	open	rich fen	54.28	-101.03	Boreal Plains
292	329	NA	NA	NA	1982-13-A	NA	NA	NA	NA	NA	297	NA	NA	open	rich fen	54.22	-101.17	Boreal Plains
293	330	NA	NA	NA	1982-13-B	NA	NA	NA	NA	NA	255	NA	NA	open	rich fen	54.22	-101.17	Boreal Plains
294	332	NA	NA	NA	1982-15-A	NA	NA	NA	NA	NA	239	NA	NA	open	rich fen	52.97	-101	Boreal Plains
295	333	NA	NA	NA	1982-15-B	NA	NA	NA	NA	NA	186	NA	NA	open	rich fen	52.97	-101	Boreal Plains
296	334	NA	NA	NA	1982-15-C	NA	NA	NA	NA	NA	206	NA	NA	open	rich fen	52.97	-101	Boreal Plains
297	335	NA	NA	NA	1982-16-A	NA	NA	NA	NA	NA	278	NA	NA	open	rich fen	53.23	-101.07	Boreal Plains
298	336	NA	NA	NA	1982-16-B	NA	NA	NA	NA	NA	226	NA	NA	open	rich fen	53.23	-101.07	Boreal Plains
299	337	NA	NA	NA	1982-17-A	NA	NA	NA	NA	NA	374	NA	NA	open	rich fen	54.52	-101.43	Boreal Plains
300	338	NA	NA	NA	1982-17-A	NA	NA	NA	NA	NA	297	NA	NA	open	rich fen	54.52	-101.43	Boreal Plains
301	339	NA	NA	NA	1982-17-B	NA	NA	NA	NA	NA	282	NA	NA	open	rich fen	54.52	-101.43	Boreal Plains
302	340	NA	NA	NA	1982-18-A	NA	NA	NA	NA	NA	309	NA	NA	open	rich fen	54.52	-101.43	Boreal Plains
303	341	NA	NA	NA	1982-18-B	NA	NA	NA	NA	NA	224	NA	NA	open	rich fen	54.52	-101.43	Boreal Plains
304	342	NA	NA	NA	1982-18-B	NA	NA	NA	NA	NA	224	NA	NA	open	rich fen	54.52	-101.43	Boreal Plains
305	343	NA	NA	NA	1982-19-A	NA	NA	NA	NA	NA	92	NA	NA	open	rich fen	53.88	-101.23	Boreal Plains
306	344	NA	NA	NA	1982-19-A	NA	NA	NA	NA	NA	92	NA	NA	open	rich fen	53.88	-101.23	Boreal Plains
307	345	NA	NA	NA	1982-19-B	NA	NA	NA	NA	NA	110	NA	NA	open	rich fen	53.88	-101.23	Boreal Plains
308	346	NA	NA	NA	1982-19-B	NA	NA	NA	NA	NA	99	NA	NA	open	rich fen	53.88	-101.23	Boreal Plains
309	350	NA	NA	NA	1982-21-A	NA	NA	NA	NA	NA	365	NA	NA	open	rich fen	53.47	-101.48	Boreal Plains
310	351	NA	NA	NA	1982-21-B	NA	NA	NA	NA	NA	366	NA	NA	open	rich fen	53.47	-101.48	Boreal Plains
311	352	NA	NA	NA	1982-22-A	NA	NA	NA	NA	NA	323	NA	NA	open	rich fen	53.28	-101.25	Boreal Plains
312	353	NA	NA	NA	1982-22-B	NA	NA	NA	NA	NA	252	NA	NA	open	rich fen	53.28	-101.25	Boreal Plains
313	354	NA	NA	NA	1982-23-A	NA	NA	NA	NA	NA	261	NA	NA	open	rich fen	53.32	-99.27	Boreal Plains
314	355	NA	NA	NA	1982-23-B	NA	NA	NA	NA	NA	191	NA	NA	open	rich fen	53.32	-99.27	Boreal Plains
315	356	NA	NA	NA	1982-23-B	NA	NA	NA	NA	NA	191	NA	NA	open	rich fen	53.32	-99.27	Boreal Plains
316	357	NA	NA	NA	1982-24-A	NA	NA	NA	NA	NA	293	NA	NA	open	rich fen	54.3	-101.27	Boreal Plains
317	358	NA	NA	NA	1982-24-B	NA	NA	NA	NA	NA	281	NA	NA	open	rich fen	54.3	-101.27	Boreal Plains
318	359	NA	NA	NA	1982-24-B	NA	NA	NA	NA	NA	281	NA	NA	open	rich fen	54.3	-101.27	Boreal Plains
319	361	NA	NA	NA	1982-26-A	NA	NA	NA	NA	NA	304	NA	NA	open	rich fen	52.92	-99.33	Boreal Plains
320	362	NA	NA	NA	1982-26-A	NA	NA	NA	NA	NA	304	NA	NA	open	rich fen	52.92	-99.33	Boreal Plains
321	363	NA	NA	NA	1982-26-B	NA	NA	NA	NA	NA	259	NA	NA	open	rich fen	52.92	-99.33	Boreal Plains
322	364	NA	NA	NA	1982-26-B	NA	NA	NA	NA	NA	249	NA	NA	open	rich fen	52.92	-99.33	Boreal Plains
323	366	NA	NA	NA	1982-28-A	NA	NA	NA	NA	NA	303	NA	NA	open	rich fen	52.9	-99.25	Boreal Plains
324	367	NA	NA	NA	1982-28-A	NA	NA	NA	NA	NA	293	NA	NA	open	rich fen	52.9	-99.25	Boreal Plains
325	368	NA	NA	NA	1982-28-B	NA	NA	NA	NA	NA	260	NA	NA	open	rich fen	52.9	-99.25	Boreal Plains
326	369	NA	NA	NA	1982-28-C	NA	NA	NA	NA	NA	230	NA	NA	open	rich fen	52.9	-99.25	Boreal Plains
327	370	NA	NA	NA	1982-29	NA	NA	NA	NA	NA	325	NA	NA	open	rich fen	54.67	-101.58	Boreal Shield West
328	371	NA	NA	NA	1982-29	NA	NA	NA	NA	NA	44	NA	NA	open	rich fen	54.67	-101.58	Boreal Shield West
329	372	NA	NA	NA	1982-3-A	NA	NA	NA	NA	NA	60	NA	NA	treed	rich fen	53.35	-101.35	Boreal Plains
330	373	NA	NA	NA	1982-3-A	NA	NA	NA	NA	NA	64	NA	NA	treed	rich fen	53.35	-101.35	Boreal Plains
331	374	NA	NA	NA	1982-3-B	NA	NA	NA	NA	NA	30	NA	NA	open	rich fen	53.35	-101.35	Boreal Plains
332	377	NA	NA	NA	1982-31-A	NA	NA	NA	NA	NA	219	NA	NA	open	rich fen	54.97	-101.47	Boreal Shield West
333	378	NA	NA	NA	1982-31-B	NA	NA	NA	NA	NA	190	NA	NA	open	rich fen	54.97	-101.47	Boreal Shield West
334	379	NA	NA	NA	1982-31-B	NA	NA	NA	NA	NA	70	NA	NA	open	rich fen	54.97	-101.47	Boreal Shield West
335	380	NA	NA	NA	1982-32-A	NA	NA	NA	NA	NA	151	NA	NA	open	rich fen	54.83	-101.48	Boreal Shield West
336	381	NA	NA	NA	1982-32-B	NA	NA	NA	NA	NA	80	NA	NA	open	rich fen	54.83	-101.48	Boreal Shield West
337	382	NA	NA	NA	1982-32-B	NA	NA	NA	NA	NA	80	NA	NA	open	rich fen	54.83	-101.48	Boreal Shield West
338	385	NA	NA	NA	1982-35-A	NA	NA	NA	NA	NA	395	NA	NA	open	rich fen	54.58	-100.95	Boreal Plains
339	386	NA	NA	NA	1982-35-B	NA	NA	NA	NA	NA	390	NA	NA	open	rich fen	54.58	-100.95	Boreal Plains
340	388	NA	NA	NA	1982-37-A	NA	NA	NA	NA	NA	229	NA	NA	open	rich fen	54.47	-101.43	Boreal Plains
341	389	NA	NA	NA	1982-37-B	NA	NA	NA	NA	NA	180	NA	NA	open	rich fen	54.47	-101.43	Boreal Plains
342	390	NA	NA	NA	1982-37-B	NA	NA	NA	NA	NA	180	NA	NA	open	rich fen	54.47	-101.43	Boreal Plains
343	394	NA	NA	NA	1982-40-A	NA	NA	NA	NA	NA	303	NA	NA	treed	rich fen	54.6	-101.43	Boreal Shield West
344	395	NA	NA	NA	1982-40-B	NA	NA	NA	NA	NA	241	NA	NA	treed	rich fen	54.6	-101.43	Boreal Shield West
345	399	NA	NA	NA	1982-44-A	NA	NA	NA	NA	NA	187	NA	NA	treed	rich fen	54.42	-101.35	Boreal Plains
346	400	NA	NA	NA	1982-44-B	NA	NA	NA	NA	NA	145	NA	NA	treed	rich fen	54.42	-101.35	Boreal Plains
347	401	NA	NA	NA	1982-45-A	NA	NA	NA	NA	NA	192	NA	NA	treed	rich fen	54.58	-99.8	Boreal Plains
348	402	NA	NA	NA	1982-45-B	NA	NA	NA	NA	NA	205	NA	NA	treed	rich fen	54.58	-99.8	Boreal Plains
349	403	NA	NA	NA	1982-45-B	NA	NA	NA	NA	NA	207	NA	NA	treed	rich fen	54.58	-99.8	Boreal Plains
350	404	NA	NA	NA	1982-46-A	NA	NA	NA	NA	NA	438	NA	NA	treed	rich fen	54.55	-99.78	Boreal Plains
351	405	NA	NA	NA	1982-46-B	NA	NA	NA	NA	NA	427	NA	NA	treed	rich fen	54.55	-99.78	Boreal Plains
352	406	NA	NA	NA	1982-47	NA	NA	NA	NA	NA	106	NA	NA	treed	rich fen	54.57	-99.78	Boreal Plains
353	407	NA	NA	NA	1982-48-A	NA	NA	NA	NA	NA	229	NA	NA	treed	rich fen	54.57	-99.78	Boreal Plains
354	408	NA	NA	NA	1982-48-B	NA	NA	NA	NA	NA	190	NA	NA	treed	rich fen	54.57	-99.78	Boreal Plains
355	409	NA	NA	NA	1982-48-B	NA	NA	NA	NA	NA	190	NA	NA	treed	rich fen	54.57	-99.78	Boreal Plains
356	410	NA	NA	NA	1982-49-A	NA	NA	NA	NA	NA	140	NA	NA	treed	rich fen	54.58	-99.53	Boreal Plains
357	411	NA	NA	NA	1982-49-B	NA	NA	NA	NA	NA	228	NA	NA	treed	rich fen	54.58	-99.53	Boreal Plains
358	412	NA	NA	NA	1982-5-A	NA	NA	NA	NA	NA	135	NA	NA	forested	bog	53.42	-101.35	Boreal Plains
359	413	NA	NA	NA	1982-5-A	NA	NA	NA	NA	NA	135	NA	NA	forested	bog	53.42	-101.35	Boreal Plains
360	414	NA	NA	NA	1982-5-B	NA	NA	NA	NA	NA	120	NA	NA	open	rich fen	53.42	-101.35	Boreal Plains
361	415	NA	NA	NA	1982-5-B	NA	NA	NA	NA	NA	120	NA	NA	open	rich fen	53.42	-101.35	Boreal Plains
362	416	NA	NA	NA	1982-50-A	NA	NA	NA	NA	NA	146	NA	NA	open	rich fen	54.63	-99.35	Boreal Shield West
363	417	NA	NA	NA	1982-50-B	NA	NA	NA	NA	NA	144	NA	NA	open	rich fen	54.63	-99.35	Boreal Shield West
364	420	NA	NA	NA	1982-53-A	NA	NA	NA	NA	NA	145	NA	NA	open	rich fen	54.3	-99.13	Boreal Plains
365	421	NA	NA	NA	1982-53-B	NA	NA	NA	NA	NA	127	NA	NA	open	rich fen	54.3	-99.13	Boreal Plains
366	422	NA	NA	NA	1982-54	NA	NA	NA	NA	NA	56	NA	NA	open	rich fen	54.67	-99.08	Boreal Shield West
367	423	NA	NA	NA	1982-55-A	NA	NA	NA	NA	NA	179	NA	NA	open	rich fen	54.47	-99.03	Boreal Plains
368	424	NA	NA	NA	1982-55-B	NA	NA	NA	NA	NA	164	NA	NA	open	rich fen	54.47	-99.03	Boreal Plains
369	425	NA	NA	NA	1982-55-B	NA	NA	NA	NA	NA	170	NA	NA	open	rich fen	54.47	-99.03	Boreal Plains
370	429	NA	NA	NA	1982-59-A	NA	NA	NA	NA	NA	121	NA	NA	open	rich fen	54.52	-99.05	Boreal Plains
371	430	NA	NA	NA	1982-59-B	NA	NA	NA	NA	NA	100	NA	NA	open	rich fen	54.52	-99.05	Boreal Plains
372	431	NA	NA	NA	1982-59-B	NA	NA	NA	NA	NA	100	NA	NA	open	rich fen	54.52	-99.05	Boreal Plains
373	436	NA	NA	NA	1982-63-A	NA	NA	NA	NA	NA	233	NA	NA	forested	rich fen	54.85	-98.5	Boreal Shield West
374	437	NA	NA	NA	1982-63-B	NA	NA	NA	NA	NA	367	NA	NA	forested	rich fen	54.85	-98.5	Boreal Shield West
375	438	NA	NA	NA	1982-63-C	NA	NA	NA	NA	NA	286	NA	NA	forested	rich fen	54.85	-98.5	Boreal Shield West
376	441	NA	NA	NA	1982-7	NA	NA	NA	NA	NA	146	NA	NA	forested	rich fen	53.92	-101.22	Boreal Plains
377	442	NA	NA	NA	1982-8-A	NA	NA	NA	NA	NA	222	NA	NA	open	rich fen	53.33	-101.08	Boreal Plains
378	443	NA	NA	NA	1982-8-B	NA	NA	NA	NA	NA	199	NA	NA	open	rich fen	53.33	-101.08	Boreal Plains
379	444	NA	NA	NA	1982-9-A	NA	NA	NA	NA	NA	181	NA	NA	open	rich fen	53.22	-100.65	Boreal Plains
380	445	NA	NA	NA	1982-9-A	NA	NA	NA	NA	NA	204	NA	NA	open	rich fen	53.22	-100.65	Boreal Plains
381	446	NA	NA	NA	1982-9-B	NA	NA	NA	NA	NA	116	NA	NA	open	rich fen	53.22	-100.65	Boreal Plains
382	447	NA	NA	NA	1983-1-A	NA	NA	NA	NA	NA	273	NA	NA	open	rich fen	49.52	-96.23	Boreal Shield West
383	448	NA	NA	NA	1983-1-A	NA	NA	NA	NA	NA	273	NA	NA	open	rich fen	49.52	-96.23	Boreal Shield West
384	449	NA	NA	NA	1983-10	NA	NA	NA	NA	NA	298	NA	NA	open	rich fen	49.87	-95.63	Boreal Shield West
385	451	NA	NA	NA	1983-12-A	NA	NA	NA	NA	NA	340	NA	NA	forested	bog	49.4	-95.37	Boreal Shield West
386	452	NA	NA	NA	1983-12-B	NA	NA	NA	NA	NA	370	NA	NA	forested	bog	49.4	-95.37	Boreal Shield West
387	453	NA	NA	NA	1983-12-B	NA	NA	NA	NA	NA	370	NA	NA	forested	bog	49.4	-95.37	Boreal Shield West
388	454	NA	NA	NA	1983-12-C	NA	NA	NA	NA	NA	367	NA	NA	forested	bog	49.4	-95.37	Boreal Shield West
389	455	NA	NA	NA	1983-12-C	NA	NA	NA	NA	NA	275	NA	NA	forested	bog	49.4	-95.37	Boreal Shield West
390	456	NA	NA	NA	1983-13-A	NA	NA	NA	NA	NA	170	NA	NA	forested	bog	49.43	-95.47	Boreal Shield West
391	457	NA	NA	NA	1983-13-A	NA	NA	NA	NA	NA	170	NA	NA	forested	bog	49.43	-95.47	Boreal Shield West
392	458	NA	NA	NA	1983-13-B	NA	NA	NA	NA	NA	139	NA	NA	forested	bog	49.43	-95.47	Boreal Shield West
393	459	NA	NA	NA	1983-13-B	NA	NA	NA	NA	NA	139	NA	NA	forested	bog	49.43	-95.47	Boreal Shield West
394	461	NA	NA	NA	1983-15-A	NA	NA	NA	NA	NA	296	NA	NA	forested	bog	49.6	-96.5	Boreal Plains
395	462	NA	NA	NA	1983-15-B	NA	NA	NA	NA	NA	257	NA	NA	forested	bog	49.6	-96.5	Boreal Plains
396	463	NA	NA	NA	1983-15-C	NA	NA	NA	NA	NA	267	NA	NA	forested	bog	49.6	-96.5	Boreal Plains
397	464	NA	NA	NA	1983-15-D	NA	NA	NA	NA	NA	310	NA	NA	forested	bog	49.6	-96.5	Boreal Plains
398	465	NA	NA	NA	1983-16-A	NA	NA	NA	NA	NA	260	NA	NA	forested	bog	49.43	-95.55	Boreal Shield West
399	466	NA	NA	NA	1983-16-B	NA	NA	NA	NA	NA	246	NA	NA	forested	bog	49.43	-95.55	Boreal Shield West
400	467	NA	NA	NA	1983-16-B	NA	NA	NA	NA	NA	246	NA	NA	forested	bog	49.43	-95.55	Boreal Shield West
401	468	NA	NA	NA	1983-17	NA	NA	NA	NA	NA	289	NA	NA	forested	bog	49.65	-95.57	Boreal Shield West
402	470	NA	NA	NA	1983-19-A	NA	NA	NA	NA	NA	259	NA	NA	forested	bog	50.07	-95.55	Boreal Shield West
403	471	NA	NA	NA	1983-19-A	NA	NA	NA	NA	NA	137	NA	NA	forested	bog	50.07	-95.55	Boreal Shield West
404	472	NA	NA	NA	1983-19-B	NA	NA	NA	NA	NA	227	NA	NA	forested	bog	50.07	-95.55	Boreal Shield West
405	473	NA	NA	NA	1983-19-B	NA	NA	NA	NA	NA	227	NA	NA	forested	bog	50.07	-95.55	Boreal Shield West
406	474	NA	NA	NA	1983-2-A	NA	NA	NA	NA	NA	196	NA	NA	forested	poor fen	49.05	-96.02	Boreal Shield West
407	475	NA	NA	NA	1983-2-B	NA	NA	NA	NA	NA	174	NA	NA	open	rich fen	49.05	-96.02	Boreal Shield West
408	480	NA	NA	NA	1983-22-A	NA	NA	NA	NA	NA	295	NA	NA	open	rich fen	50.13	-96.27	Boreal Shield West
409	481	NA	NA	NA	1983-22-B	NA	NA	NA	NA	NA	298	NA	NA	open	rich fen	50.13	-96.27	Boreal Shield West
410	482	NA	NA	NA	1983-23-A	NA	NA	NA	NA	NA	214	NA	NA	open	rich fen	50.08	-96.15	Boreal Shield West
411	483	NA	NA	NA	1983-23-B	NA	NA	NA	NA	NA	142	NA	NA	open	rich fen	50.08	-96.15	Boreal Shield West
412	484	NA	NA	NA	1983-24	NA	NA	NA	NA	NA	230	NA	NA	open	rich fen	50.1	-95.9	Boreal Shield West
413	485	NA	NA	NA	1983-24	NA	NA	NA	NA	NA	252	NA	NA	open	rich fen	50.1	-95.9	Boreal Shield West
414	486	NA	NA	NA	1983-25	NA	NA	NA	NA	NA	145	NA	NA	open	rich fen	50.32	-95.62	Boreal Shield West
415	487	NA	NA	NA	1983-26	NA	NA	NA	NA	NA	269	NA	NA	open	rich fen	50.3	-95.57	Boreal Shield West
416	488	NA	NA	NA	1983-27-A	NA	NA	NA	NA	NA	162	NA	NA	open	rich fen	49.87	-96.25	Boreal Shield West
417	489	NA	NA	NA	1983-27-B	NA	NA	NA	NA	NA	130	NA	NA	open	rich fen	49.87	-96.25	Boreal Shield West
418	490	NA	NA	NA	1983-27-B	NA	NA	NA	NA	NA	130	NA	NA	open	rich fen	49.87	-96.25	Boreal Shield West
419	491	NA	NA	NA	1983-28-A	NA	NA	NA	NA	NA	336	NA	NA	open	rich fen	50	-96.2	Boreal Shield West
420	492	NA	NA	NA	1983-28-B	NA	NA	NA	NA	NA	281	NA	NA	open	rich fen	50	-96.2	Boreal Shield West
421	493	NA	NA	NA	1983-28-C	NA	NA	NA	NA	NA	252	NA	NA	open	rich fen	50	-96.2	Boreal Shield West
422	494	NA	NA	NA	1983-29	NA	NA	NA	NA	NA	597	NA	NA	open	rich fen	50.58	-95.45	Boreal Shield West
423	495	NA	NA	NA	1983-3-A	NA	NA	NA	NA	NA	160	NA	NA	treed	bog	49.28	-95.58	Boreal Shield West
424	496	NA	NA	NA	1983-3-B	NA	NA	NA	NA	NA	124	NA	NA	forested	rich fen	49.28	-95.58	Boreal Shield West
425	497	NA	NA	NA	1983-3-B	NA	NA	NA	NA	NA	124	NA	NA	forested	rich fen	49.28	-95.58	Boreal Shield West
426	500	NA	NA	NA	1983-31-A	NA	NA	NA	NA	NA	165	NA	NA	forested	rich fen	50.33	-95.65	Boreal Shield West
427	501	NA	NA	NA	1983-31-A	NA	NA	NA	NA	NA	165	NA	NA	forested	rich fen	50.33	-95.65	Boreal Shield West
428	502	NA	NA	NA	1983-31-B	NA	NA	NA	NA	NA	201	NA	NA	forested	rich fen	50.33	-95.65	Boreal Shield West
429	503	NA	NA	NA	1983-32-A	NA	NA	NA	NA	NA	125	NA	NA	forested	rich fen	50.48	-96.35	Boreal Shield West
430	504	NA	NA	NA	1983-32-B	NA	NA	NA	NA	NA	142	NA	NA	forested	rich fen	50.48	-96.35	Boreal Shield West
431	505	NA	NA	NA	1983-32-B	NA	NA	NA	NA	NA	142	NA	NA	forested	rich fen	50.48	-96.35	Boreal Shield West
432	506	NA	NA	NA	1983-33-A	NA	NA	NA	NA	NA	212	NA	NA	forested	rich fen	50.48	-96.35	Boreal Shield West
433	507	NA	NA	NA	1983-33-B	NA	NA	NA	NA	NA	174	NA	NA	forested	rich fen	50.48	-96.35	Boreal Shield West
434	508	NA	NA	NA	1983-33-B	NA	NA	NA	NA	NA	174	NA	NA	forested	rich fen	50.48	-96.35	Boreal Shield West
435	511	NA	NA	NA	1983-36	NA	NA	NA	NA	NA	271	NA	NA	forested	rich fen	50.43	-96.47	Boreal Shield West
436	512	NA	NA	NA	1983-37	NA	NA	NA	NA	NA	305	NA	NA	forested	rich fen	50.45	-96.52	Boreal Shield West
437	514	NA	NA	NA	1983-39	NA	NA	NA	NA	NA	85	NA	NA	forested	rich fen	50.27	-96.3	Boreal Shield West
438	516	NA	NA	NA	1983-40-A	NA	NA	NA	NA	NA	151	NA	NA	open	poor fen	50.27	-96.27	Boreal Shield West
439	517	NA	NA	NA	1983-40-B	NA	NA	NA	NA	NA	130	NA	NA	open	poor fen	50.27	-96.27	Boreal Shield West
440	518	NA	NA	NA	1983-40-B	NA	NA	NA	NA	NA	130	NA	NA	open	poor fen	50.27	-96.27	Boreal Shield West
441	519	NA	NA	NA	1983-41	NA	NA	NA	NA	NA	130	NA	NA	open	poor fen	50.38	-96.03	Boreal Shield West
442	520	NA	NA	NA	1983-41	NA	NA	NA	NA	NA	130	NA	NA	open	poor fen	50.38	-96.03	Boreal Shield West
443	521	NA	NA	NA	1983-42	NA	NA	NA	NA	NA	174	NA	NA	open	poor fen	51.12	-96.95	Boreal Plains
444	522	NA	NA	NA	1983-42	NA	NA	NA	NA	NA	168	NA	NA	open	poor fen	51.12	-96.95	Boreal Plains
445	523	NA	NA	NA	1983-43-A	NA	NA	NA	NA	NA	126	NA	NA	open	poor fen	51.12	-97.05	Boreal Plains
446	524	NA	NA	NA	1983-43-B	NA	NA	NA	NA	NA	105	NA	NA	open	poor fen	51.12	-97.05	Boreal Plains
447	525	NA	NA	NA	1983-43-B	NA	NA	NA	NA	NA	105	NA	NA	open	poor fen	51.12	-97.05	Boreal Plains
448	526	NA	NA	NA	1983-44-A	NA	NA	NA	NA	NA	200	NA	NA	open	poor fen	51.23	-97.32	Boreal Plains
449	527	NA	NA	NA	1983-44-B	NA	NA	NA	NA	NA	144	NA	NA	open	poor fen	51.23	-97.32	Boreal Plains
450	528	NA	NA	NA	1983-44-B	NA	NA	NA	NA	NA	144	NA	NA	open	poor fen	51.23	-97.32	Boreal Plains
451	529	NA	NA	NA	1983-45-A	NA	NA	NA	NA	NA	172	NA	NA	open	poor fen	51.08	-97	Boreal Plains
452	530	NA	NA	NA	1983-45-B	NA	NA	NA	NA	NA	110	NA	NA	open	poor fen	51.08	-97	Boreal Plains
453	531	NA	NA	NA	1983-45-B	NA	NA	NA	NA	NA	110	NA	NA	open	poor fen	51.08	-97	Boreal Plains
454	532	NA	NA	NA	1983-46	NA	NA	NA	NA	NA	482	NA	NA	open	poor fen	51.42	-96.88	Boreal Plains
455	533	NA	NA	NA	1983-46	NA	NA	NA	NA	NA	482	NA	NA	open	poor fen	51.42	-96.88	Boreal Plains
456	534	NA	NA	NA	1983-47	NA	NA	NA	NA	NA	341	NA	NA	open	poor fen	51.7	-96.88	Boreal Plains
457	535	NA	NA	NA	1983-47	NA	NA	NA	NA	NA	341	NA	NA	open	poor fen	51.7	-96.88	Boreal Plains
458	536	NA	NA	NA	1983-48	NA	NA	NA	NA	NA	200	NA	NA	open	poor fen	50.78	-99.98	Boreal Plains
459	537	NA	NA	NA	1983-49-A	NA	NA	NA	NA	NA	183	NA	NA	open	poor fen	50.78	-99.98	Boreal Plains
460	538	NA	NA	NA	1983-49-B	NA	NA	NA	NA	NA	269	NA	NA	open	poor fen	50.78	-99.98	Boreal Plains
461	539	NA	NA	NA	1983-49-B	NA	NA	NA	NA	NA	269	NA	NA	open	poor fen	50.78	-99.98	Boreal Plains
462	540	NA	NA	NA	1983-5-A	NA	NA	NA	NA	NA	221	NA	NA	forested	bog	49.43	-95.4	Boreal Shield West
463	541	NA	NA	NA	1983-5-B	NA	NA	NA	NA	NA	222	NA	NA	open	rich fen	49.43	-95.4	Boreal Shield West
464	542	NA	NA	NA	1983-5-B	NA	NA	NA	NA	NA	222	NA	NA	open	rich fen	49.43	-95.4	Boreal Shield West
465	543	NA	NA	NA	1983-5-C	NA	NA	NA	NA	NA	155	NA	NA	open	bog	49.43	-95.4	Boreal Shield West
466	544	NA	NA	NA	1983-50	NA	NA	NA	NA	NA	360	NA	NA	open	bog	51.37	-100.78	Boreal Plains
467	545	NA	NA	NA	1983-50	NA	NA	NA	NA	NA	68	NA	NA	open	bog	51.37	-100.78	Boreal Plains
468	546	NA	NA	NA	1983-51	NA	NA	NA	NA	NA	322	NA	NA	open	bog	51.63	-100.77	Boreal Plains
469	549	NA	NA	NA	1983-53	NA	NA	NA	NA	NA	358	NA	NA	open	bog	52.47	-101.33	Boreal Plains
470	552	NA	NA	NA	1983-55	NA	NA	NA	NA	NA	312	NA	NA	open	bog	52.53	-101.22	Boreal Plains
471	553	NA	NA	NA	1983-56	NA	NA	NA	NA	NA	289	NA	NA	open	bog	52.58	-101.32	Boreal Plains
472	554	NA	NA	NA	1983-57	NA	NA	NA	NA	NA	301	NA	NA	open	bog	51.57	-101.02	Boreal Plains
473	555	NA	NA	NA	1983-58	NA	NA	NA	NA	NA	292	NA	NA	open	bog	51.57	-100.95	Boreal Plains
474	556	NA	NA	NA	1983-59	NA	NA	NA	NA	NA	466	NA	NA	open	bog	51.85	-100.93	Boreal Plains
475	557	NA	NA	NA	1983-6	NA	NA	NA	NA	NA	52	NA	NA	open	bog	49.33	-95.33	Boreal Shield West
476	559	NA	NA	NA	1983-8-A	NA	NA	NA	NA	NA	254	NA	NA	forested	poor fen	49.65	-96.32	Boreal Plains
477	560	NA	NA	NA	1983-8-B	NA	NA	NA	NA	NA	238	NA	NA	open	rich fen	49.65	-96.32	Boreal Plains
478	561	NA	NA	NA	1983-8-B	NA	NA	NA	NA	NA	238	NA	NA	open	rich fen	49.65	-96.32	Boreal Plains
479	562	NA	NA	NA	1983-9	NA	NA	NA	NA	NA	127	NA	NA	open	rich fen	49.65	-96.1	Boreal Shield West
480	563	NA	NA	NA	1984-1-A	NA	NA	NA	NA	NA	301	NA	NA	treed	bog	52.85	-102.67	Boreal Plains
481	564	NA	NA	NA	1984-1-B	NA	NA	NA	NA	NA	215	NA	NA	treed	bog	52.85	-102.67	Boreal Plains
482	565	NA	NA	NA	1984-1-B	NA	NA	NA	NA	NA	134	NA	NA	treed	bog	52.85	-102.67	Boreal Plains
483	574	NA	NA	NA	1984-15	NA	NA	NA	NA	NA	459	NA	NA	open	rich fen	54.88	-102.77	Boreal Shield West
484	575	NA	NA	NA	1984-16	NA	NA	NA	NA	NA	196	NA	NA	treed	rich fen	54.87	-102.4	Boreal Shield West
485	584	NA	NA	NA	1984-22-A	NA	NA	NA	NA	NA	215	NA	NA	treed	bog	53.73	-105.05	Boreal Plains
486	585	NA	NA	NA	1984-22-A	NA	NA	NA	NA	NA	205	NA	NA	treed	bog	53.73	-105.05	Boreal Plains
487	586	NA	NA	NA	1984-22-B	NA	NA	NA	NA	NA	211	NA	NA	treed	bog	53.73	-105.05	Boreal Plains
488	588	NA	NA	NA	1984-24	NA	NA	NA	NA	NA	145	NA	NA	treed	bog	53.9	-104.63	Boreal Plains
489	590	NA	NA	NA	1984-26-A	NA	NA	NA	NA	NA	296	NA	NA	treed	bog	53.82	-104.63	Boreal Plains
490	591	NA	NA	NA	1984-26-B	NA	NA	NA	NA	NA	242	NA	NA	treed	bog	53.82	-104.63	Boreal Plains
491	592	NA	NA	NA	1984-26-B	NA	NA	NA	NA	NA	242	NA	NA	treed	bog	53.82	-104.63	Boreal Plains
492	595	NA	NA	NA	1984-29-A	NA	NA	NA	NA	NA	247	NA	NA	treed	bog	54.07	-105	Boreal Plains
493	596	NA	NA	NA	1984-29-A	NA	NA	NA	NA	NA	230	NA	NA	treed	bog	54.07	-105	Boreal Plains
494	597	NA	NA	NA	1984-29-B	NA	NA	NA	NA	NA	150	NA	NA	treed	bog	54.07	-105	Boreal Plains
495	598	NA	NA	NA	1984-3	NA	NA	NA	NA	NA	120	NA	NA	treed	bog	52.37	-102.62	Boreal Plains
496	599	NA	NA	NA	1984-3	NA	NA	NA	NA	NA	207	NA	NA	treed	bog	52.37	-102.62	Boreal Plains
497	600	NA	NA	NA	1984-30	NA	NA	NA	NA	NA	136	NA	NA	treed	bog	54.08	-104.75	Boreal Plains
498	608	NA	NA	NA	1984-36-A	NA	NA	NA	NA	NA	356	NA	NA	treed	bog	54	-105.87	Boreal Plains
499	609	NA	NA	NA	1984-36-B	NA	NA	NA	NA	NA	325	NA	NA	treed	bog	54	-105.87	Boreal Plains
500	610	NA	NA	NA	1984-36-B	NA	NA	NA	NA	NA	302	NA	NA	treed	bog	54	-105.87	Boreal Plains
501	614	NA	NA	NA	1984-4-A	NA	NA	NA	NA	NA	208	NA	NA	treed	rich fen	52.78	-101.92	Boreal Plains
502	616	NA	NA	NA	1984-41-A	NA	NA	NA	NA	NA	136	NA	NA	treed	rich fen	54.75	-105.05	Boreal Plains
503	617	NA	NA	NA	1984-41-A	NA	NA	NA	NA	NA	262	NA	NA	treed	rich fen	54.75	-105.05	Boreal Plains
504	618	NA	NA	NA	1984-41-A	NA	NA	NA	NA	NA	136	NA	NA	treed	rich fen	54.75	-105.05	Boreal Plains
505	619	NA	NA	NA	1984-41-B	NA	NA	NA	NA	NA	119	NA	NA	treed	rich fen	54.75	-105.05	Boreal Plains
506	621	NA	NA	NA	1984-43-A	NA	NA	NA	NA	NA	396	NA	NA	treed	rich fen	55.18	-105.33	Boreal Shield West
507	622	NA	NA	NA	1984-43-B	NA	NA	NA	NA	NA	336	NA	NA	treed	rich fen	55.18	-105.33	Boreal Shield West
508	623	NA	NA	NA	1984-43-B	NA	NA	NA	NA	NA	336	NA	NA	treed	rich fen	55.18	-105.33	Boreal Shield West
509	624	NA	NA	NA	1984-43-C	NA	NA	NA	NA	NA	284	NA	NA	treed	rich fen	55.18	-105.33	Boreal Shield West
510	627	NA	NA	NA	1984-46	NA	NA	NA	NA	NA	397	NA	NA	treed	rich fen	54.72	-105.47	Boreal Plains
511	629	NA	NA	NA	1984-48-A	NA	NA	NA	NA	NA	166	NA	NA	treed	rich fen	54.8	-104.83	Boreal Plains
512	630	NA	NA	NA	1984-48-B	NA	NA	NA	NA	NA	133	NA	NA	treed	rich fen	54.8	-104.83	Boreal Plains
513	631	NA	NA	NA	1984-48-B	NA	NA	NA	NA	NA	143	NA	NA	treed	rich fen	54.8	-104.83	Boreal Plains
514	639	NA	NA	NA	1984-54	NA	NA	NA	NA	NA	385	NA	NA	treed	rich fen	55.33	-104.92	Boreal Shield West
515	643	NA	NA	NA	1984-58-A	NA	NA	NA	NA	NA	372	NA	NA	treed	rich fen	54.7	-107.82	Boreal Plains
516	644	NA	NA	NA	1984-58-B	NA	NA	NA	NA	NA	171	NA	NA	treed	rich fen	54.7	-107.82	Boreal Plains
517	646	NA	NA	NA	1984-6	NA	NA	NA	NA	NA	183	NA	NA	treed	rich fen	54.45	-102.13	Boreal Plains
518	655	NA	NA	NA	1984-66-A	NA	NA	NA	NA	NA	268	NA	NA	treed	rich fen	55.5	-108.07	Boreal Plains
519	656	NA	NA	NA	1984-66-B	NA	NA	NA	NA	NA	242	NA	NA	treed	rich fen	55.5	-108.07	Boreal Plains
520	657	NA	NA	NA	1984-66-B	NA	NA	NA	NA	NA	242	NA	NA	treed	rich fen	55.5	-108.07	Boreal Plains
521	658	NA	NA	NA	1984-67	NA	NA	NA	NA	NA	206	NA	NA	treed	rich fen	55.58	-108.15	Boreal Plains
522	670	NA	NA	NA	1984-75-A	NA	NA	NA	NA	NA	373	NA	NA	treed	rich fen	54.58	-107.3	Boreal Plains
523	671	NA	NA	NA	1984-75-B	NA	NA	NA	NA	NA	330	NA	NA	treed	rich fen	54.58	-107.3	Boreal Plains
524	672	NA	NA	NA	1984-75-B	NA	NA	NA	NA	NA	330	NA	NA	treed	rich fen	54.58	-107.3	Boreal Plains
525	678	NA	NA	NA	1989-10-A	NA	NA	NA	NA	NA	162	NA	NA	treed	bog	59.27	-118.68	Taiga Plains
526	679	NA	NA	NA	1989-10-B	NA	NA	NA	NA	NA	110	NA	NA	open	rich fen	59.27	-118.68	Taiga Plains
527	680	NA	NA	NA	1989-11-A	NA	NA	NA	NA	NA	249	NA	NA	open	rich fen	59.27	-118.68	Taiga Plains
528	681	NA	NA	NA	1989-11-A	NA	NA	NA	NA	NA	249	NA	NA	open	rich fen	59.27	-118.68	Taiga Plains
529	682	NA	NA	NA	1989-11-B	NA	NA	NA	NA	NA	261	NA	NA	open	bog	59.27	-118.68	Taiga Plains
530	683	NA	NA	NA	1989-13-A	NA	NA	NA	NA	NA	116	NA	NA	open	bog	59.38	-117.32	Taiga Plains
531	684	NA	NA	NA	1989-13-B	NA	NA	NA	NA	NA	242	NA	NA	open	bog	59.38	-117.32	Taiga Plains
532	685	NA	NA	NA	1989-14-A	NA	NA	NA	NA	NA	391	NA	NA	open	bog	59.12	-118.62	Taiga Plains
533	686	NA	NA	NA	1989-14-B	NA	NA	NA	NA	NA	402	NA	NA	open	bog	59.12	-118.62	Taiga Plains
534	688	NA	NA	NA	1989-16-A	NA	NA	NA	NA	NA	312	NA	NA	open	poor fen	59.12	-118.15	Taiga Plains
535	689	NA	NA	NA	1989-16-B	NA	NA	NA	NA	NA	278	NA	NA	open	poor fen	59.12	-118.15	Taiga Plains
536	690	NA	NA	NA	1989-17-A	NA	NA	NA	NA	NA	314	NA	NA	open	poor fen	58.42	-119.48	Taiga Plains
537	691	NA	NA	NA	1989-17-B	NA	NA	NA	NA	NA	273	NA	NA	open	rich fen	58.42	-119.48	Taiga Plains
538	692	NA	NA	NA	1989-18-A	NA	NA	NA	NA	NA	235	NA	NA	open	rich fen	58.3	-119.28	Taiga Plains
539	693	NA	NA	NA	1989-19-A	NA	NA	NA	NA	NA	215	NA	NA	open	rich fen	58.53	-119.13	Taiga Plains
540	694	NA	NA	NA	1989-19-B	NA	NA	NA	NA	NA	240	NA	NA	open	rich fen	58.53	-119.13	Taiga Plains
